name,price_range
Thuan Dat Supermarket,1
Foodie's Urban Market,3
Roxie's Market of Quincy,1
Bernies General Store,1
Bfresh,2
Symphony Market,2
Shaw's Supermarket,2
Alfredo Aiello Italian Food Retail Store,2
Louie's Superette,1
Jia Ho Supermarket,1
Trader Joe's,2
Salumeria Italiana,2
Whole Foods Market,3
C Mart Supermarket,1
Sun Sun Company,1
Harvest Co-Op Markets,2
Adams Shore Super Mkt,1
Fresh Mart,1
Marina Bay Marketplace,2
Quincy International Food Company,1
Gourmet Boutique,2
Lambert's Marketplace,1
Haymarket International Food Co,1
Commonwealth Restaurant and Market,2
Going Bananas,2
Front Side Market,1
Friendly Corner Convenience Store,1
Pearl Street Market,2
La Internacional Foods Corporation,1
City Target,2
Hannaford Supermarkets,2
Bread & Circus,2
New York Mart,2
Savenor's Market,3
Mina Halal Meat & Groceries,2
Dave's Fresh Pasta,2
McKinnon's Meat Market,1
Lucky Supermarket,1
Lucky Shamrock,1
Good Fortune Supermarket,2
Fresh Pond Market,2
Snap Top Market,3
Reliable Market,2
Lp Market,1
Daily Table,1
Well Foods Plus,1
Kim Market,1
Super 88 Market,1
Topshelf,2
J Pace & Son,1
First United Market,2
South End Food Emporium,2
Foodies Urban Market,3
Stop & Shop,2
200 Food Mart,4
Montrose Spa,1
Ming's Supermarket,1
Al-Hoda Market,1
Star Market,2
Shaws,2
Bob's Grocery Store,2
Sarah's Market & Cafe,1
H Mart,2
Dave's General Store,2
Evergood Super Market,2
Fort Point Market,2
Broadway Marketplace,3
Marlboro Market,2
Modelos Market Cafe,1
Shaw's,2
Roche Bros,2
Bell's Market,1
The Five Seventy Market,2
Teele Square Market,2
City Market,3
Vermas Market,2
K & 8th Street Market,2
Piccadilly Market,2
University Market,3
Golden Goose Market,3
Thistle & Shamrock,2
The Brothers Market,1
Luigi's Variety,1
Walmart,1
Market In the Square,3
Stop and Shop,2
Bee's Knees Supply Company,3
Davis Station Food,2
Foodland,1
Sure Pinoy Food Mart,2
Good Health Natural Food Store,2
South End Formaggio,3
Pemberton Farms & Garden Center,2
Tony's Foodland,1
Tedeschi Food Shops,2
Albert's Market,2
Cardullo's Gourmet Shoppe,3
Chang Shing Tofu,1
Deluca's Market,3
Walnut Market,2
Market Basket,1